ID;NOM;PRIX_ACHAT;PRIX_VENTE
AFN;Afghani;0.0;0.0
EUR;Euro;0.865954;0.845494
CAD;Cad;0.865954;0.845494
USD;Usd;0.865954;0.845494
MAD;Mad;0.865954;0.845494